{
  "Hacker News": {
    "n": 5,
    "mean": 80.8,
    "M2": 56676.80000000001
  },
  "GitHub Trending": {
    "n": 6,
    "mean": 355.8333333333333,
    "M2": 318154.8333333333
  }
}